-0.1392,0.3293,1.0000
-0.2509,0.0219,1.0000
0.2434,-0.1057,1.0000
-0.0468,0.0489,1.0000
0.2615,0.1580,1.0000
0.0854,0.1033,1.0000
0.0858,-0.2825,1.0000
-0.2201,0.2678,1.0000
0.2566,0.1509,1.0000
0.0095,0.2014,1.0000
0.1375,-0.0766,1.0000
-0.0503,-0.0675,1.0000
-0.0512,-0.1182,1.0000
-0.0368,0.1152,1.0000
-0.2956,0.0523,1.0000
-0.1335,-0.1662,1.0000
0.0599,-0.0539,1.0000
0.1561,-0.2546,1.0000
0.3128,-0.1526,1.0000
0.3487,-0.1937,1.0000
-0.2076,-0.0503,1.0000
0.1955,0.2563,1.0000
-0.0242,0.0146,1.0000
0.0964,-0.0543,1.0000
0.0474,0.1799,1.0000
-0.0275,0.1324,1.0000
-0.1401,-0.0197,1.0000
-0.0936,0.0793,1.0000
-0.0095,0.1664,1.0000
-0.1636,0.1254,1.0000
0.0515,-0.0419,1.0000
0.1583,-0.2806,1.0000
-0.1662,-0.2187,1.0000
-0.1488,-0.1609,1.0000
0.0129,0.0799,1.0000
0.0497,-0.0679,1.0000
-0.1584,-0.0669,1.0000
0.0243,0.0861,1.0000
0.0652,0.2365,1.0000
0.2864,-0.1124,1.0000
-0.1722,-0.0219,1.0000
-0.1046,0.1660,1.0000
-0.2267,0.0345,1.0000
-0.2062,-0.0138,1.0000
-0.0374,0.1995,1.0000
-0.1599,-0.0066,1.0000
0.1287,0.0103,1.0000
-0.3416,-0.0502,1.0000
0.2075,-0.1344,1.0000
-0.1931,-0.0920,1.0000
0.1888,-0.2182,1.0000
-0.1908,0.4162,1.0000
-0.0178,-0.1342,1.0000
-0.4317,0.0031,1.0000
-0.0035,0.0395,1.0000
0.3072,0.1485,1.0000
0.0835,-0.4174,1.0000
-0.1252,-0.1187,1.0000
0.1937,-0.1602,1.0000
0.0122,-0.0502,1.0000
-0.1474,0.0233,1.0000
0.0249,0.4710,1.0000
0.1066,0.0444,1.0000
0.1687,0.0936,1.0000
-0.1344,-0.0640,1.0000
-0.0058,0.3089,1.0000
-0.0938,0.1667,1.0000
-0.1759,0.1540,1.0000
0.0154,0.0998,1.0000
-0.1169,0.0453,1.0000
-0.0953,0.0777,1.0000
-0.0503,-0.1713,1.0000
0.0692,-0.0822,1.0000
-0.1524,-0.0416,1.0000
0.0454,0.0470,1.0000
0.0147,-0.1733,1.0000
0.1582,-0.0563,1.0000
0.1298,0.1664,1.0000
-0.1025,-0.1083,1.0000
-0.2373,-0.1629,1.0000
-0.1186,0.2231,1.0000
0.0198,0.1288,1.0000
-0.0112,-0.0962,1.0000
0.0434,0.2095,1.0000
0.0070,0.0017,1.0000
0.1368,-0.1850,1.0000
0.0876,0.1315,1.0000
-0.1179,-0.0966,1.0000
0.2113,0.1369,1.0000
-0.1764,-0.1922,1.0000
-0.2162,0.3351,1.0000
0.1160,0.2839,1.0000
0.2409,0.2192,1.0000
0.1099,0.0645,1.0000
-0.0073,0.0970,1.0000
0.1383,-0.0292,1.0000
-0.0383,-0.2552,1.0000
0.2111,0.1104,1.0000
-0.0601,0.1236,1.0000
-0.1983,-0.2437,1.0000
0.0805,0.0834,1.0000
0.2056,0.0022,1.0000
-0.1584,0.2440,1.0000
0.4223,-0.1780,1.0000
0.1662,-0.0366,1.0000
0.1711,0.0856,1.0000
-0.0129,0.5157,1.0000
-0.0200,-0.1374,1.0000
-0.2357,0.2681,1.0000
0.1057,0.2395,1.0000
0.2653,0.0196,1.0000
-0.1638,-0.1896,1.0000
-0.0590,0.0770,1.0000
0.1741,0.3534,1.0000
0.0194,-0.1390,1.0000
0.1876,0.0733,1.0000
0.1385,0.1041,1.0000
0.1213,0.1261,1.0000
0.2210,0.3778,1.0000
0.0893,0.0429,1.0000
0.2427,0.1738,1.0000
0.2395,0.2094,1.0000
0.0705,0.0838,1.0000
-0.1149,0.4414,1.0000
0.2019,0.2319,1.0000
0.2541,0.1785,1.0000
-0.0102,0.0053,1.0000
-0.0006,0.1212,1.0000
0.2769,-0.0638,1.0000
0.3593,0.0382,1.0000
0.0343,0.0451,1.0000
0.1639,0.0459,1.0000
-0.1637,-0.0305,1.0000
0.0673,0.0404,1.0000
0.1264,-0.1098,1.0000
-0.0090,0.0666,1.0000
0.2015,0.1582,1.0000
0.3474,-0.1464,1.0000
0.0791,-0.0406,1.0000
0.1317,-0.0059,1.0000
0.4744,-0.0939,1.0000
0.1649,0.3812,1.0000
0.2565,0.0715,1.0000
0.2707,-0.1146,1.0000
0.1019,0.2247,1.0000
-0.1216,0.0442,1.0000
-0.0171,0.2169,1.0000
0.0208,-0.1653,1.0000
0.2578,0.0199,1.0000
0.1046,0.3264,1.0000
0.1685,0.2078,1.0000
0.1652,-0.2180,1.0000
0.1264,-0.0524,1.0000
0.0367,0.0622,1.0000
0.2405,-0.0742,1.0000
0.2364,0.1885,1.0000
0.0475,0.0742,1.0000
0.4397,-0.0464,1.0000
0.2292,-0.0536,1.0000
0.1427,0.1411,1.0000
0.3777,0.1867,1.0000
0.2057,-0.0012,1.0000
0.1418,-0.1746,1.0000
0.1177,-0.0517,1.0000
0.0569,0.2521,1.0000
0.1570,0.3078,1.0000
0.1442,-0.0715,1.0000
0.3400,0.0123,1.0000
0.1567,-0.0067,1.0000
0.0260,0.0128,1.0000
0.2193,0.0683,1.0000
0.1116,0.1392,1.0000
0.3943,0.0330,1.0000
0.1820,-0.0221,1.0000
0.5967,0.0760,1.0000
0.3003,-0.3260,1.0000
0.4330,0.2351,1.0000
0.2499,0.0124,1.0000
0.1605,0.1796,1.0000
0.5162,-0.0248,1.0000
0.1477,0.1416,1.0000
0.1193,0.1060,1.0000
0.1438,0.0421,1.0000
0.2824,0.0993,1.0000
0.1585,0.0949,1.0000
0.1748,0.0657,1.0000
0.2266,-0.0043,1.0000
0.1918,0.0486,1.0000
0.4847,0.0873,1.0000
0.4102,-0.1626,1.0000
0.4852,-0.1211,1.0000
0.0801,-0.1402,1.0000
0.3069,-0.0341,1.0000
0.1325,0.0706,1.0000
0.2470,-0.1182,1.0000
-0.0639,-0.2196,1.0000
0.4972,-0.0531,1.0000
0.0650,0.0212,1.0000
0.2146,0.0822,1.0000
0.1620,0.1255,1.0000
-0.1422,-0.0567,1.0000
0.1862,-0.0382,1.0000
0.2234,-0.1343,1.0000
0.2601,0.0073,1.0000
0.4560,-0.0123,1.0000
0.2481,-0.0930,1.0000
0.5346,0.2856,1.0000
0.2180,0.0886,1.0000
0.2265,-0.3744,1.0000
0.2444,-0.0965,1.0000
0.2580,-0.0616,1.0000
0.4303,-0.1530,1.0000
0.2727,0.0422,1.0000
0.0511,-0.0428,1.0000
0.4752,0.1117,1.0000
0.2432,0.1522,1.0000
0.7754,-0.1140,1.0000
0.4872,-0.0841,1.0000
0.2065,0.1479,1.0000
-0.0087,0.1001,1.0000
0.4186,0.0734,1.0000
0.3125,-0.1563,1.0000
0.6375,-0.1242,1.0000
0.2096,-0.0049,1.0000
0.5819,0.3376,1.0000
0.3978,-0.1866,1.0000
0.3292,-0.3109,1.0000
0.5174,-0.0669,1.0000
0.1502,-0.1811,1.0000
-0.0972,-0.2342,1.0000
0.2123,0.1953,1.0000
-0.1739,-0.0198,1.0000
0.0813,-0.1699,1.0000
0.5912,0.1047,1.0000
0.3211,0.1436,1.0000
0.4572,-0.0295,1.0000
-0.1041,-0.1915,1.0000
-0.1172,-0.2247,1.0000
0.3644,-0.0225,1.0000
0.2475,-0.0409,1.0000
0.4215,-0.1331,1.0000
0.3257,0.0179,1.0000
0.4109,0.1870,1.0000
0.4605,0.1353,1.0000
0.4252,0.0460,1.0000
0.1892,0.0354,1.0000
0.5695,-0.1358,1.0000
0.3120,-0.2160,1.0000
0.2529,0.0274,1.0000
0.0572,0.1105,1.0000
0.0334,-0.0620,1.0000
0.2917,-0.1822,1.0000
0.2168,0.0813,1.0000
0.2191,-0.0323,1.0000
0.4270,-0.1735,1.0000
0.0747,-0.0337,1.0000
0.0823,0.0254,1.0000
0.6101,-0.2391,1.0000
-0.0573,-0.2460,1.0000
0.0846,0.0591,1.0000
0.2532,-0.2686,1.0000
0.1043,0.0675,1.0000
0.1847,-0.2219,1.0000
0.2051,-0.2575,1.0000
0.3004,-0.3035,1.0000
0.1263,-0.0929,1.0000
0.1375,-0.1084,1.0000
0.2360,-0.3525,1.0000
0.3017,-0.0313,1.0000
0.0851,-0.3679,1.0000
0.4846,0.0142,1.0000
0.3070,-0.1929,1.0000
0.2422,-0.0967,1.0000
0.1625,-0.1006,1.0000
0.1833,-0.5122,1.0000
0.2385,-0.0718,1.0000
0.3923,-0.4033,1.0000
0.1232,-0.2080,1.0000
0.2261,-0.1126,1.0000
0.3025,-0.0791,1.0000
0.4250,0.1089,1.0000
0.4991,-0.1017,1.0000
0.5992,-0.4395,1.0000
0.2708,-0.2904,1.0000
0.3075,-0.2509,1.0000
-0.0562,-0.6228,1.0000
0.2725,-0.1932,1.0000
0.3070,-0.2519,1.0000
0.2390,-0.0866,1.0000
0.1238,-0.2061,1.0000
0.2767,-0.3019,1.0000
0.3509,-0.2263,1.0000
0.0849,0.1736,1.0000
-0.0768,-0.1058,1.0000
0.1788,-0.2063,1.0000
0.4309,-0.2510,1.0000
0.2071,-0.3774,1.0000
0.1318,0.0379,1.0000
0.1448,-0.4931,1.0000
0.0916,-0.5209,1.0000
0.2443,-0.6057,1.0000
0.2621,-0.2998,1.0000
0.1367,-0.3692,1.0000
0.2898,-0.1100,1.0000
-0.0295,-0.3240,1.0000
0.1126,-0.4364,1.0000
0.0555,-0.3414,1.0000
0.1191,-0.1865,1.0000
0.3036,-0.2867,1.0000
0.4255,-0.2089,1.0000
0.2796,-0.3321,1.0000
0.4331,-0.4080,1.0000
0.1591,-0.2770,1.0000
0.2126,-0.4324,1.0000
0.1700,-0.4278,1.0000
0.2072,-0.3064,1.0000
0.2422,-0.3564,1.0000
0.1013,-0.3656,1.0000
0.0685,-0.3161,1.0000
0.2058,-0.3441,1.0000
0.1536,-0.4227,1.0000
0.3449,-0.2738,1.0000
0.2944,-0.4305,1.0000
0.1159,-0.2352,1.0000
0.4146,-0.1544,1.0000
-0.0165,0.0437,1.0000
0.2122,-0.2569,1.0000
0.1944,-0.1216,1.0000
0.0486,-0.3108,1.0000
0.3365,-0.6326,1.0000
0.3959,-0.2683,1.0000
0.1380,-0.2766,1.0000
0.3446,-0.2211,1.0000
0.1225,-0.3614,1.0000
-0.0182,-0.1624,1.0000
0.3140,-0.3724,1.0000
0.3304,-0.1206,1.0000
0.2284,-0.2384,1.0000
0.0409,-0.5664,1.0000
0.3127,-0.5275,1.0000
0.2618,-0.1517,1.0000
0.3522,-0.3775,1.0000
-0.0447,-0.4378,1.0000
0.2021,-0.3632,1.0000
0.3840,-0.3139,1.0000
0.4870,-0.2036,1.0000
-0.0095,-0.2368,1.0000
0.0803,-0.2959,1.0000
0.1760,-0.0764,1.0000
0.4172,-0.0347,1.0000
0.0295,-0.2482,1.0000
0.2883,-0.1582,1.0000
0.1440,-0.3687,1.0000
0.6836,-0.6303,1.0000
0.1695,-0.6544,1.0000
0.1762,-0.3804,1.0000
0.1563,-0.4156,1.0000
0.1034,-0.4435,1.0000
0.2762,-0.2351,1.0000
0.2704,-0.3634,1.0000
-0.0694,-0.4293,1.0000
0.0499,-0.1837,1.0000
0.4517,-0.3087,1.0000
0.3509,-0.3386,1.0000
0.0875,-0.3541,1.0000
0.2957,-0.1725,1.0000
0.1640,-0.3919,1.0000
0.2365,-0.4137,1.0000
-0.0815,-0.3218,1.0000
0.1651,-0.4012,1.0000
0.4512,-0.3606,1.0000
0.1924,-0.4525,1.0000
0.1199,-0.3446,1.0000
0.4003,-0.3965,1.0000
-0.0553,-0.6149,1.0000
0.4305,-0.1467,1.0000
0.2361,-0.0986,1.0000
0.1408,-0.5857,1.0000
0.1309,-0.2452,1.0000
0.0393,-0.7403,1.0000
0.2192,-0.7377,1.0000
0.3981,-0.4232,1.0000
0.1512,-0.4477,1.0000
0.1784,-0.5064,1.0000
0.2203,-0.2844,1.0000
-0.0571,-0.3301,1.0000
0.1549,-0.5414,1.0000
-0.1796,-0.2962,1.0000
-0.1719,-0.4074,1.0000
-0.0256,-0.2225,1.0000
0.1474,-0.5435,1.0000
0.2856,-0.4877,1.0000
0.0472,-0.3232,1.0000
0.0940,-0.5355,1.0000
0.2547,-0.1741,1.0000
0.3945,-0.5602,1.0000
0.2286,-0.6718,1.0000
0.2647,-0.6538,1.0000
-0.0660,-0.3215,1.0000
0.0922,-0.2712,1.0000
0.2704,-0.3818,1.0000
0.1184,-0.4696,1.0000
0.0293,-0.5430,1.0000
-0.0416,-0.6577,1.0000
0.1452,-0.8085,1.0000
0.1495,-0.3784,1.0000
0.1537,-0.4706,1.0000
-0.3032,-0.6352,1.0000
0.0125,-0.2934,1.0000
0.0107,-0.2373,1.0000
0.1248,-0.5464,1.0000
-0.1119,-0.8348,1.0000
0.2949,-0.6783,1.0000
-0.3228,-0.5594,1.0000
-0.0491,-0.1419,1.0000
-0.1694,-0.4364,1.0000
0.2035,-0.5417,1.0000
0.0002,-0.4513,1.0000
-0.2410,-0.3759,1.0000
0.0409,-0.4520,1.0000
0.1080,-0.5561,1.0000
0.0032,-0.5195,1.0000
0.2837,-0.5652,1.0000
0.2003,-0.3536,1.0000
0.0327,-0.1663,1.0000
-0.1486,-0.4439,1.0000
-0.1511,-0.5820,1.0000
-0.0903,-0.4996,1.0000
-0.0806,-0.2730,1.0000
-0.0652,-0.3227,1.0000
0.1583,-0.7584,1.0000
-0.0179,-0.2937,1.0000
0.0893,-0.3221,1.0000
-0.0493,-0.5469,1.0000
0.0006,-0.6183,1.0000
0.1031,-0.6519,1.0000
-0.4137,-0.3829,1.0000
-0.0156,-0.5012,1.0000
0.1515,-0.3000,1.0000
-0.3329,-0.6401,1.0000
-0.3454,-0.3099,1.0000
-0.0087,-0.8255,1.0000
-0.1554,-0.5522,1.0000
0.0069,-0.3663,1.0000
-0.1783,-0.3642,1.0000
-0.1772,-0.5979,1.0000
0.0086,-0.4030,1.0000
-0.0464,-0.5679,1.0000
-0.0102,-0.5889,1.0000
-0.0972,-0.5767,1.0000
0.1463,-0.5030,1.0000
0.0707,-0.9423,1.0000
-0.2713,-0.4842,1.0000
0.0996,-0.6867,1.0000
0.1146,-0.6340,1.0000
-0.2194,-0.7372,1.0000
-0.3437,-0.5945,1.0000
-0.0574,-0.5600,1.0000
-0.2590,-0.5211,1.0000
-0.4268,-0.8401,1.0000
-0.1202,-0.4952,1.0000
-0.2000,-0.3784,1.0000
-0.2684,-0.4299,1.0000
-0.0176,-0.6583,1.0000
-0.0163,-0.5297,1.0000
-0.2738,-0.7362,1.0000
-0.3103,-0.4634,1.0000
0.0971,-0.6917,1.0000
-0.1854,-0.4853,1.0000
0.0365,-0.4864,1.0000
-0.2590,-0.2040,1.0000
-0.2791,-0.4809,1.0000
0.0050,-0.5646,1.0000
-0.1834,-0.5894,1.0000
-0.5269,-0.3345,1.0000
-0.3371,-0.5346,1.0000
-0.2203,-0.4687,1.0000
-0.2345,-0.4097,1.0000
0.0624,-0.7075,1.0000
-0.2438,-0.4685,1.0000
-0.3641,-0.8785,1.0000
0.0473,-0.1114,1.0000
-0.3295,-0.7281,1.0000
-0.1510,-0.5622,1.0000
-0.2079,-0.7262,1.0000
-0.3253,-0.3867,1.0000
-0.0528,-0.6958,1.0000
-0.1169,-0.4779,1.0000
-0.6857,-0.6491,1.0000
-0.4286,-0.5235,1.0000
-0.1807,-0.2238,1.0000
-0.1222,-0.4420,1.0000
-0.4605,-0.4183,1.0000
-0.3373,-0.3546,1.0000
-0.2028,-0.4537,1.0000
-0.1984,-0.6546,1.0000
-0.4200,-0.5241,1.0000
-0.1532,-0.4010,1.0000
-0.5756,-0.4461,1.0000
-0.4565,-0.1101,1.0000
-0.3086,-0.3089,1.0000
-0.2906,-0.5318,1.0000
-0.2855,-0.7334,1.0000
-0.0130,-0.5535,1.0000
-0.3018,-0.5905,1.0000
-0.5701,-0.7302,1.0000
-0.4228,-0.4341,1.0000
-0.1628,-0.3832,1.0000
-0.5385,-0.8185,1.0000
-0.3083,-0.4478,1.0000
-0.3698,-0.3302,1.0000
-0.5608,-0.6637,1.0000
-0.5802,-0.4289,1.0000
-0.2560,-0.5792,1.0000
-0.5116,-0.1406,1.0000
-0.6408,-0.6215,1.0000
-0.5829,-0.4011,1.0000
-0.4196,-0.4891,1.0000
-0.5975,-0.5798,1.0000
-0.3293,-0.7282,1.0000
-0.6178,-0.2697,1.0000
-0.3415,-0.6978,1.0000
-0.4617,-0.6133,1.0000
-0.3312,-0.3405,1.0000
-0.4741,-0.3747,1.0000
-0.3312,-0.3837,1.0000
-0.6870,-0.5203,1.0000
-0.5750,-0.1598,1.0000
-0.4618,-0.2268,1.0000
-0.1870,-0.7575,1.0000
-0.4405,-0.6832,1.0000
-0.1283,-0.4240,1.0000
-0.4084,-0.4698,1.0000
-0.4937,-0.3861,1.0000
-0.7769,-0.2559,1.0000
-0.5374,-0.0853,1.0000
-0.5000,-0.6020,1.0000
-0.5533,-0.4367,1.0000
-0.5057,-0.3057,1.0000
-0.5232,-0.4168,1.0000
-0.3564,-0.3096,1.0000
-0.5089,-0.5789,1.0000
-0.4947,-0.2106,1.0000
-0.2771,-0.6374,1.0000
-0.2079,-0.6350,1.0000
-0.2040,-0.3657,1.0000
-0.3759,-0.5417,1.0000
-0.5701,-0.1862,1.0000
-0.2864,-0.3828,1.0000
-0.5357,-0.1649,1.0000
-0.4602,-0.7823,1.0000
-0.5842,-0.6647,1.0000
-0.6130,-0.4473,1.0000
-0.4621,-0.3684,1.0000
-0.1243,-0.6247,1.0000
-0.5878,-0.4147,1.0000
-0.4087,-0.6096,1.0000
-0.3135,-0.3322,1.0000
-0.4975,-0.3406,1.0000
-0.5136,-0.3245,1.0000
-0.2945,-0.4815,1.0000
-0.7744,-0.5502,1.0000
-0.8669,-0.5739,1.0000
-0.4408,-0.0527,1.0000
-0.8550,-0.2470,1.0000
-0.5315,-0.3634,1.0000
-0.5452,-0.1986,1.0000
-0.4466,-0.2216,1.0000
-0.5951,-0.4386,1.0000
-0.8169,-0.5481,1.0000
-0.6011,-0.0687,1.0000
-0.4322,-0.3036,1.0000
-0.5507,-0.1867,1.0000
-0.8040,-0.4463,1.0000
-0.6734,-0.2235,1.0000
-0.3309,-0.1547,1.0000
-0.6710,-0.3203,1.0000
-0.6807,-0.4994,1.0000
-0.3245,-0.2211,1.0000
-0.4295,-0.2730,1.0000
-0.5344,-0.3832,1.0000
-0.6553,-0.5180,1.0000
-0.5985,-0.0924,1.0000
-0.6649,-0.3647,1.0000
-0.6641,-0.2418,1.0000
-0.4769,-0.1814,1.0000
-0.6905,-0.2425,1.0000
-0.4898,-0.2673,1.0000
-0.5703,-0.0139,1.0000
-0.7612,-0.3337,1.0000
-0.8504,-0.3342,1.0000
-0.6364,-0.1337,1.0000
-0.9143,-0.2398,1.0000
-0.6674,-0.1855,1.0000
-0.6117,-0.1452,1.0000
-0.7305,-0.2482,1.0000
-0.4040,-0.0058,1.0000
-0.6012,0.0353,1.0000
-0.7231,-0.3474,1.0000
-0.9148,-0.0261,1.0000
-0.5777,-0.0902,1.0000
-0.6284,-0.0302,1.0000
-0.7190,-0.1360,1.0000
-0.5953,-0.2057,1.0000
-0.3768,-0.3037,1.0000
-0.9632,-0.2543,1.0000
-0.5778,-0.1817,1.0000
-0.6713,-0.1492,1.0000
-0.7777,-0.1744,1.0000
-0.7919,-0.3544,1.0000
-0.7713,-0.2574,1.0000
-0.8657,-0.4203,1.0000
-0.5117,-0.3110,1.0000
-0.7303,-0.1623,1.0000
-0.5923,-0.1846,1.0000
-0.9769,-0.2499,1.0000
-0.5877,-0.2001,1.0000
-1.0009,-0.0430,1.0000
-0.4515,-0.4626,1.0000
-0.8776,-0.2294,1.0000
-0.5689,0.0716,1.0000
-0.9801,-0.1467,1.0000
-0.7390,0.2355,1.0000
-0.5790,-0.1426,1.0000
-0.7519,-0.0001,1.0000
-1.0112,-0.0583,1.0000
-0.4230,0.0588,1.0000
-0.4925,0.0067,1.0000
-0.6276,-0.2586,1.0000
-0.7932,-0.0809,1.0000
-0.8271,-0.3335,1.0000
-1.0275,0.1549,1.0000
-0.5460,-0.3735,1.0000
-0.7465,-0.2604,1.0000
-0.7957,0.2313,1.0000
-0.7988,-0.1951,1.0000
-0.5532,-0.1113,1.0000
-0.7641,-0.1090,1.0000
-0.6591,0.1864,1.0000
-0.7193,0.1316,1.0000
-0.6497,-0.2579,1.0000
-0.7329,0.2031,1.0000
-0.6645,-0.1239,1.0000
-0.6160,0.1446,1.0000
-0.9884,0.0084,1.0000
-0.6576,-0.2151,1.0000
-0.5414,0.0498,1.0000
-0.9150,0.0712,1.0000
-0.6738,-0.1041,1.0000
-0.8646,-0.0761,1.0000
-0.9636,0.1921,1.0000
-0.7018,0.1853,1.0000
-0.8511,0.0520,1.0000
-0.8018,0.1304,1.0000
-0.7137,-0.1597,1.0000
-0.8807,0.3271,1.0000
-0.7543,0.0583,1.0000
-0.8521,-0.0342,1.0000
-1.0570,0.0443,1.0000
-0.6348,0.1420,1.0000
-0.5902,0.0608,1.0000
-1.0977,0.2489,1.0000
-0.9088,0.0356,1.0000
-0.9392,-0.0232,1.0000
-0.5443,0.0919,1.0000
-0.7662,-0.0510,1.0000
-0.7057,-0.0785,1.0000
-0.5402,0.3655,1.0000
-1.1675,0.0628,1.0000
-0.5793,0.2416,1.0000
-0.8692,0.3698,1.0000
-0.5446,0.2422,1.0000
-0.6291,0.2334,1.0000
-0.6311,0.2263,1.0000
-1.0771,0.2385,1.0000
-0.6478,0.1726,1.0000
-0.7292,-0.0676,1.0000
-0.7901,0.1384,1.0000
-0.6157,0.2613,1.0000
-0.6958,0.3998,1.0000
-0.5413,0.4352,1.0000
-0.6523,0.4031,1.0000
-0.6780,0.2996,1.0000
-0.8593,0.1625,1.0000
-0.6487,0.3712,1.0000
-0.7688,0.2260,1.0000
-0.6602,0.3867,1.0000
-0.6334,0.3845,1.0000
-0.9184,0.4573,1.0000
-0.9620,0.3043,1.0000
-0.7707,0.2747,1.0000
-0.8759,0.2099,1.0000
-0.9294,0.2164,1.0000
-0.9048,0.3306,1.0000
-0.8464,0.3893,1.0000
-0.7440,0.3016,1.0000
-0.9797,0.5387,1.0000
-0.7047,0.4094,1.0000
-0.7825,0.3871,1.0000
-0.2807,0.3659,1.0000
-0.6254,0.5988,1.0000
-0.4956,0.6310,1.0000
-0.8107,0.5444,1.0000
-0.8057,0.6533,1.0000
-0.7519,0.5834,1.0000
-0.5316,0.6010,1.0000
-0.4907,0.2944,1.0000
-0.4538,0.5354,1.0000
-0.9619,0.3084,1.0000
-0.7421,0.5458,1.0000
-0.7272,0.4469,1.0000
-0.4569,0.1842,1.0000
-0.7907,0.6985,1.0000
-0.7514,0.3876,1.0000
-0.8089,0.6362,1.0000
-0.5874,0.7321,1.0000
-0.6085,0.8634,1.0000
-0.8842,0.4015,1.0000
-0.8239,0.5231,1.0000
-0.8234,0.4949,1.0000
-0.9045,0.5771,1.0000
-0.6443,0.5080,1.0000
-0.6649,0.3778,1.0000
-0.9486,0.4781,1.0000
-0.6200,0.4320,1.0000
-0.6478,0.4759,1.0000
-0.5746,0.7549,1.0000
-0.4245,0.4518,1.0000
-0.5454,0.5108,1.0000
-0.5507,0.5452,1.0000
-0.3126,0.6666,1.0000
-0.8037,0.7922,1.0000
-0.5164,0.7676,1.0000
-0.5247,0.6906,1.0000
-0.5625,0.4835,1.0000
-0.7958,0.6562,1.0000
-0.8515,0.4986,1.0000
-0.5849,1.0808,1.0000
-0.5391,0.6756,1.0000
-0.7477,0.9201,1.0000
-0.4609,0.5791,1.0000
-0.4038,0.6988,1.0000
-0.7841,0.7657,1.0000
-0.5984,0.4260,1.0000
-0.5810,0.8471,1.0000
-0.7871,0.6111,1.0000
-0.5371,0.5818,1.0000
-0.6556,0.8093,1.0000
-0.4279,0.6545,1.0000
-0.4887,0.4578,1.0000
-0.4522,0.5118,1.0000
-0.2105,0.6585,1.0000
-0.1995,0.8589,1.0000
-0.6858,0.3498,1.0000
-0.9490,0.8953,1.0000
-0.5947,0.6496,1.0000
-0.3921,0.5962,1.0000
-0.7642,0.8821,1.0000
-0.4844,0.8252,1.0000
-0.4301,0.5489,1.0000
-0.5029,0.7003,1.0000
-0.7019,0.8867,1.0000
-0.3409,0.8901,1.0000
-0.4105,0.6679,1.0000
-0.4184,0.6440,1.0000
-0.9074,0.6927,1.0000
-0.3379,0.6889,1.0000
-0.4615,0.8045,1.0000
-0.3459,0.7766,1.0000
-0.3168,0.4562,1.0000
-0.5196,0.4382,1.0000
-0.2972,0.7937,1.0000
-0.3689,0.8782,1.0000
-0.5009,0.6952,1.0000
-0.3693,0.9934,1.0000
-0.6005,0.5647,1.0000
-0.7925,0.7946,1.0000
-0.4772,0.7234,1.0000
-0.4602,0.9033,1.0000
-0.3392,0.6892,1.0000
-0.4249,0.6499,1.0000
-0.3270,0.6772,1.0000
-0.1669,0.7176,1.0000
-0.7303,0.8049,1.0000
-0.4630,0.9217,1.0000
-0.5348,0.7396,1.0000
-0.4062,1.0700,1.0000
-0.1101,0.6172,1.0000
-0.2626,0.9685,1.0000
-0.2431,0.7894,1.0000
-0.4481,0.8228,1.0000
-0.4522,0.8906,1.0000
-0.2921,1.1061,1.0000
-0.5116,0.9028,1.0000
-0.3689,0.8546,1.0000
-0.3564,0.9604,1.0000
-0.3368,1.1004,1.0000
-0.4376,0.8118,1.0000
-0.4879,0.7379,1.0000
-0.2043,0.9320,1.0000
-0.3913,0.9939,1.0000
0.0510,0.8891,1.0000
-0.1646,0.9576,1.0000
-0.3875,0.8615,1.0000
-0.1821,0.9448,1.0000
-0.4659,0.8358,1.0000
-0.3888,0.8762,1.0000
-0.1498,0.9340,1.0000
-0.4163,1.2867,1.0000
-0.3040,0.9273,1.0000
-0.1070,0.7465,1.0000
0.0323,0.8407,1.0000
-0.0997,1.0033,1.0000
-0.2056,1.1543,1.0000
-0.3760,0.8635,1.0000
-0.4865,1.0312,1.0000
-0.2123,0.5604,1.0000
-0.4097,0.8319,1.0000
-0.0405,0.7807,1.0000
-0.1906,1.1525,1.0000
-0.1785,0.9031,1.0000
-0.0018,0.9635,1.0000
-0.1246,1.0910,1.0000
-0.0862,1.2048,1.0000
-0.1137,1.2664,1.0000
-0.0369,0.8022,1.0000
-0.0328,0.9166,1.0000
-0.1656,0.8508,1.0000
-0.1932,1.0161,1.0000
-0.1154,1.2772,1.0000
-0.0878,0.8931,1.0000
-0.2920,0.7904,1.0000
-0.2584,0.7701,1.0000
-0.0310,1.0965,1.0000
0.0237,1.0744,1.0000
0.0015,0.9108,1.0000
0.1490,1.1718,1.0000
-0.1356,1.2081,1.0000
-0.1638,1.1026,1.0000
0.1230,0.9613,1.0000
-0.1451,0.9766,1.0000
0.2708,1.0651,1.0000
-0.0818,0.9372,1.0000
0.3344,0.9420,1.0000
0.1122,0.7717,1.0000
-0.4933,0.7874,1.0000
0.0931,1.1382,1.0000
0.2030,0.9149,1.0000
-0.2136,1.2498,1.0000
-0.2595,1.1661,1.0000
0.1615,-0.1271,2.0000
-0.0562,-0.0052,2.0000
0.1101,0.1292,2.0000
-0.0299,-0.3770,2.0000
0.2574,-0.0284,2.0000
-0.1939,-0.0427,2.0000
-0.0557,-0.0575,2.0000
-0.1645,-0.1640,2.0000
0.0804,0.0356,2.0000
0.2173,0.0139,2.0000
0.1682,-0.0113,2.0000
0.0620,-0.0657,2.0000
0.1966,-0.2383,2.0000
-0.0442,0.0296,2.0000
0.3067,0.0099,2.0000
0.2193,0.1709,2.0000
-0.2676,-0.0138,2.0000
-0.0234,-0.0315,2.0000
0.1992,0.1553,2.0000
-0.0990,-0.0845,2.0000
-0.0095,-0.0598,2.0000
-0.0883,0.1160,2.0000
0.3237,-0.0953,2.0000
0.0794,-0.0881,2.0000
0.1241,0.0181,2.0000
0.0406,-0.2606,2.0000
0.0695,0.2746,2.0000
0.3073,-0.1052,2.0000
-0.0814,0.0858,2.0000
-0.1152,-0.1434,2.0000
-0.2788,0.0788,2.0000
-0.0226,-0.1289,2.0000
0.0706,0.2746,2.0000
-0.1778,-0.1824,2.0000
-0.0722,0.0774,2.0000
0.0706,-0.2097,2.0000
-0.4157,0.0803,2.0000
0.1358,-0.3358,2.0000
-0.0011,0.0550,2.0000
0.0954,-0.0552,2.0000
-0.2297,-0.0465,2.0000
-0.0778,-0.1490,2.0000
-0.1719,-0.0403,2.0000
-0.1201,-0.2575,2.0000
0.0228,0.0657,2.0000
-0.0047,0.0272,2.0000
-0.0768,0.0457,2.0000
0.1696,-0.1530,2.0000
-0.1999,0.0148,2.0000
-0.0376,-0.0129,2.0000
-0.1005,0.0682,2.0000
-0.2434,-0.0049,2.0000
-0.1664,-0.2137,2.0000
0.1414,0.1156,2.0000
-0.3818,-0.0415,2.0000
-0.0911,-0.2524,2.0000
-0.1168,-0.0100,2.0000
-0.1923,-0.1234,2.0000
0.1877,0.0067,2.0000
0.3102,-0.3299,2.0000
-0.1094,-0.1647,2.0000
-0.2706,0.1094,2.0000
-0.0539,-0.0078,2.0000
-0.2064,-0.1383,2.0000
-0.1200,0.0734,2.0000
-0.1507,-0.0810,2.0000
0.0049,0.0897,2.0000
0.0186,-0.1043,2.0000
-0.1030,-0.0068,2.0000
-0.2704,-0.1699,2.0000
0.0800,-0.1282,2.0000
0.2218,-0.1530,2.0000
0.1185,-0.0589,2.0000
0.1724,-0.1325,2.0000
-0.0268,-0.2837,2.0000
-0.0702,-0.2645,2.0000
-0.2755,0.1247,2.0000
-0.0015,-0.1022,2.0000
-0.2285,-0.2631,2.0000
-0.1442,-0.1579,2.0000
0.0445,-0.2742,2.0000
-0.1024,-0.1212,2.0000
-0.2160,-0.1130,2.0000
-0.1175,-0.0217,2.0000
0.0793,-0.1185,2.0000
-0.0037,-0.3182,2.0000
-0.0815,-0.0463,2.0000
-0.0276,-0.1119,2.0000
-0.3132,-0.1607,2.0000
-0.0642,-0.1749,2.0000
-0.0439,0.0829,2.0000
-0.1060,-0.3144,2.0000
-0.0456,0.0638,2.0000
-0.0466,-0.0422,2.0000
-0.0736,0.2088,2.0000
-0.1005,-0.0452,2.0000
0.0430,-0.1829,2.0000
-0.3952,-0.3378,2.0000
0.0198,0.0222,2.0000
-0.1663,0.0361,2.0000
-0.0560,-0.0230,2.0000
0.1118,-0.0109,2.0000
-0.2469,-0.2507,2.0000
-0.3750,-0.1341,2.0000
-0.2813,-0.3765,2.0000
-0.0855,0.0833,2.0000
-0.2538,-0.2549,2.0000
-0.1276,-0.1673,2.0000
-0.1805,-0.2103,2.0000
-0.2433,-0.2072,2.0000
-0.0804,-0.1645,2.0000
-0.2388,0.1028,2.0000
-0.4048,0.1291,2.0000
-0.0235,0.0258,2.0000
0.0292,-0.2668,2.0000
-0.1120,-0.1129,2.0000
-0.0719,-0.2762,2.0000
0.0819,-0.2461,2.0000
-0.1700,-0.0135,2.0000
-0.4208,-0.0993,2.0000
-0.5178,0.0883,2.0000
-0.3200,-0.0135,2.0000
-0.3123,-0.1787,2.0000
-0.0703,-0.1913,2.0000
-0.3388,-0.0094,2.0000
-0.1832,-0.2619,2.0000
-0.2600,-0.0640,2.0000
-0.2757,-0.0594,2.0000
-0.3220,0.3306,2.0000
-0.3448,0.0472,2.0000
-0.2502,0.0550,2.0000
-0.4314,-0.0228,2.0000
-0.3755,-0.1175,2.0000
-0.2938,-0.0837,2.0000
-0.0324,0.0445,2.0000
-0.1013,0.1190,2.0000
-0.1005,-0.0016,2.0000
0.1327,-0.2130,2.0000
0.0655,-0.0129,2.0000
-0.1675,0.2787,2.0000
-0.2070,-0.0792,2.0000
-0.1556,0.2602,2.0000
-0.0011,-0.0364,2.0000
-0.0943,0.1391,2.0000
-0.2736,-0.2477,2.0000
-0.2845,0.0343,2.0000
-0.1610,-0.0965,2.0000
-0.4308,-0.0424,2.0000
0.0111,0.0642,2.0000
-0.1127,-0.3120,2.0000
-0.0916,0.0159,2.0000
-0.0980,-0.0148,2.0000
-0.3332,-0.1965,2.0000
-0.1341,-0.0891,2.0000
-0.2812,0.0759,2.0000
-0.3247,-0.1061,2.0000
-0.2790,0.2742,2.0000
-0.3156,0.0382,2.0000
-0.1953,0.1398,2.0000
-0.2688,0.1884,2.0000
-0.3812,-0.0496,2.0000
-0.2206,0.1059,2.0000
-0.2730,-0.2299,2.0000
-0.4525,-0.1263,2.0000
-0.4468,-0.3133,2.0000
-0.3973,0.1184,2.0000
-0.2746,0.1920,2.0000
-0.1721,0.0686,2.0000
-0.5629,0.2788,2.0000
-0.3686,0.1464,2.0000
-0.3082,0.0545,2.0000
-0.2241,-0.1446,2.0000
-0.3225,0.1052,2.0000
-0.4824,0.1978,2.0000
-0.2318,0.0145,2.0000
-0.1183,0.1089,2.0000
-0.3028,-0.0123,2.0000
-0.4101,0.0562,2.0000
-0.0852,0.1821,2.0000
-0.3655,0.1102,2.0000
-0.5390,-0.1800,2.0000
-0.2626,0.2883,2.0000
-0.2101,-0.0564,2.0000
-0.2372,0.2315,2.0000
-0.4023,0.1216,2.0000
-0.2882,0.2638,2.0000
-0.2759,0.0521,2.0000
-0.0043,-0.0439,2.0000
-0.1258,0.2213,2.0000
-0.3441,0.0134,2.0000
-0.3207,0.1220,2.0000
-0.3516,-0.0351,2.0000
-0.0761,0.1710,2.0000
-0.4325,-0.2320,2.0000
-0.2350,-0.0055,2.0000
-0.1369,0.2357,2.0000
-0.1881,0.1968,2.0000
-0.5209,0.3868,2.0000
-0.1880,0.1282,2.0000
-0.4397,0.2259,2.0000
-0.5617,0.3335,2.0000
-0.1979,0.1257,2.0000
-0.4746,-0.1744,2.0000
-0.4922,-0.0387,2.0000
-0.5141,0.0254,2.0000
-0.1775,0.2138,2.0000
-0.4012,0.3085,2.0000
-0.2338,-0.0488,2.0000
-0.0923,0.0784,2.0000
-0.4296,0.0307,2.0000
-0.3347,0.0171,2.0000
-0.1941,0.0675,2.0000
-0.3016,0.1519,2.0000
-0.1257,0.2248,2.0000
-0.2215,0.4743,2.0000
-0.1898,0.1715,2.0000
-0.1649,0.2191,2.0000
-0.2094,0.4154,2.0000
-0.3362,0.0798,2.0000
-0.0744,0.2091,2.0000
-0.3495,0.3598,2.0000
-0.1507,0.1609,2.0000
-0.3981,0.0241,2.0000
-0.0297,0.3893,2.0000
-0.3918,0.6554,2.0000
-0.3450,0.3494,2.0000
-0.3532,0.2575,2.0000
-0.0173,0.4254,2.0000
-0.6296,0.3328,2.0000
-0.2406,0.2785,2.0000
-0.0301,0.2183,2.0000
-0.5605,0.1658,2.0000
-0.1324,0.4154,2.0000
-0.2391,0.2786,2.0000
-0.4437,0.4331,2.0000
-0.1289,0.5168,2.0000
-0.1397,0.4630,2.0000
-0.1823,0.2090,2.0000
-0.1933,0.2485,2.0000
-0.5188,0.0240,2.0000
-0.4668,0.3761,2.0000
-0.2038,0.4674,2.0000
-0.0899,0.4933,2.0000
-0.3969,0.4219,2.0000
-0.0453,0.2341,2.0000
-0.1854,0.4568,2.0000
-0.4833,0.1722,2.0000
-0.1032,0.2704,2.0000
-0.0311,0.2693,2.0000
-0.4014,0.1817,2.0000
0.0594,0.1045,2.0000
-0.4029,0.2986,2.0000
-0.2031,-0.0547,2.0000
-0.0714,0.4186,2.0000
-0.2979,0.3071,2.0000
0.0372,0.5749,2.0000
-0.3286,0.5596,2.0000
-0.1157,0.2939,2.0000
-0.1769,0.2858,2.0000
-0.1945,0.3780,2.0000
-0.0539,0.5464,2.0000
-0.1855,0.4229,2.0000
-0.4697,0.3660,2.0000
-0.0664,0.4254,2.0000
-0.4790,0.5745,2.0000
-0.2603,0.4034,2.0000
0.0287,0.4492,2.0000
-0.2085,0.5781,2.0000
-0.2633,0.5236,2.0000
-0.2596,0.6592,2.0000
-0.2818,0.2322,2.0000
-0.2023,0.4097,2.0000
-0.1440,0.5803,2.0000
-0.3474,0.7043,2.0000
-0.0497,0.6777,2.0000
0.0983,0.0969,2.0000
0.1184,0.4481,2.0000
-0.0831,0.4176,2.0000
-0.3284,0.5133,2.0000
-0.0642,0.6624,2.0000
-0.1511,0.6510,2.0000
-0.2124,0.4205,2.0000
0.1534,0.7969,2.0000
0.0437,0.2730,2.0000
-0.0002,0.4582,2.0000
-0.0090,0.4930,2.0000
0.0621,0.2744,2.0000
0.1404,0.5772,2.0000
-0.0686,0.6658,2.0000
-0.1364,0.4092,2.0000
0.0984,0.7136,2.0000
0.1292,0.5939,2.0000
0.0518,0.4273,2.0000
0.0365,0.9240,2.0000
0.0322,0.3235,2.0000
0.0953,0.4397,2.0000
-0.0610,0.7864,2.0000
0.0278,0.5689,2.0000
0.1973,0.6559,2.0000
0.1027,0.6534,2.0000
0.0285,0.7097,2.0000
-0.1030,0.5263,2.0000
-0.0361,0.4702,2.0000
0.2715,0.4234,2.0000
0.0403,0.3589,2.0000
0.1714,0.5812,2.0000
-0.0972,0.5078,2.0000
0.3706,0.2102,2.0000
0.2847,0.5626,2.0000
0.0890,0.4398,2.0000
0.4137,0.8790,2.0000
-0.0959,0.2323,2.0000
0.1481,0.5323,2.0000
0.2804,0.5818,2.0000
0.1459,0.6175,2.0000
0.1422,0.6240,2.0000
0.2965,0.8546,2.0000
0.2504,0.6530,2.0000
0.0392,0.4296,2.0000
0.0230,0.8944,2.0000
-0.1080,0.7251,2.0000
-0.0777,0.8308,2.0000
0.0582,0.6559,2.0000
0.0130,0.1717,2.0000
0.3299,0.8514,2.0000
0.0744,0.5557,2.0000
0.2875,0.5522,2.0000
-0.0805,0.3821,2.0000
-0.0087,0.3969,2.0000
0.2480,0.5706,2.0000
0.2809,0.3958,2.0000
0.1831,0.4851,2.0000
0.2394,0.6318,2.0000
0.3449,0.4642,2.0000
-0.0490,0.4767,2.0000
0.0423,0.4441,2.0000
0.2693,0.7754,2.0000
-0.0630,0.8114,2.0000
0.1373,0.6777,2.0000
-0.0506,0.8078,2.0000
-0.0225,0.5758,2.0000
-0.0019,0.2183,2.0000
0.1428,0.4722,2.0000
-0.0531,0.6273,2.0000
0.3070,0.6262,2.0000
0.3265,0.4377,2.0000
0.3316,0.4235,2.0000
0.5783,0.5838,2.0000
0.2801,0.2007,2.0000
0.1117,0.2910,2.0000
0.1779,0.3601,2.0000
0.1987,0.3596,2.0000
0.1610,0.8109,2.0000
0.2836,0.6929,2.0000
0.2415,0.5281,2.0000
0.5490,0.5158,2.0000
0.0664,0.8145,2.0000
0.1217,0.5759,2.0000
0.3050,0.4923,2.0000
0.3552,0.6229,2.0000
0.2120,0.5792,2.0000
0.5098,0.3924,2.0000
0.2726,0.5351,2.0000
0.1086,0.4810,2.0000
0.2202,0.8361,2.0000
0.0987,0.3952,2.0000
0.5982,0.5639,2.0000
0.3097,0.7983,2.0000
0.4847,0.3983,2.0000
0.4339,0.7330,2.0000
0.1851,0.5328,2.0000
0.1375,0.4917,2.0000
0.4648,0.5159,2.0000
0.5164,0.4491,2.0000
0.4427,0.2128,2.0000
0.3326,0.4334,2.0000
0.1889,0.4448,2.0000
0.5477,0.5534,2.0000
0.4364,0.4246,2.0000
0.4268,0.3286,2.0000
0.2617,0.8490,2.0000
0.1581,0.3101,2.0000
0.5355,0.7788,2.0000
0.3144,0.5906,2.0000
0.3906,0.6397,2.0000
0.3232,0.5099,2.0000
0.2127,0.5206,2.0000
0.4801,0.0337,2.0000
0.0353,0.3326,2.0000
0.5386,0.3535,2.0000
0.2079,0.6453,2.0000
0.8037,0.5606,2.0000
0.5517,0.1593,2.0000
0.2771,0.5521,2.0000
0.4681,0.0878,2.0000
0.5107,0.4762,2.0000
0.4625,0.3099,2.0000
0.3850,0.2948,2.0000
0.5200,-0.0551,2.0000
0.5704,0.1786,2.0000
0.5217,0.2459,2.0000
0.5638,0.2030,2.0000
0.5194,0.5388,2.0000
0.4337,0.4566,2.0000
0.3921,0.4593,2.0000
0.4024,0.3283,2.0000
0.5849,0.2527,2.0000
0.7102,0.5511,2.0000
0.6054,0.3043,2.0000
0.4963,0.4791,2.0000
0.7210,0.6188,2.0000
0.5752,0.4503,2.0000
0.5482,0.0767,2.0000
0.6725,0.7449,2.0000
0.4593,0.4609,2.0000
1.0090,0.5018,2.0000
0.5666,0.1792,2.0000
0.8732,0.2897,2.0000
0.6425,0.3433,2.0000
0.4789,0.4019,2.0000
0.5565,0.2209,2.0000
0.5174,0.3036,2.0000
0.6577,0.1360,2.0000
0.6408,0.4516,2.0000
0.8094,0.3494,2.0000
0.8894,0.1046,2.0000
0.6717,0.1802,2.0000
0.5019,0.2319,2.0000
0.7207,0.4925,2.0000
0.6066,0.4586,2.0000
0.5838,0.5220,2.0000
0.8469,0.1632,2.0000
0.4118,0.2176,2.0000
0.4839,0.3508,2.0000
0.5978,0.4981,2.0000
0.4273,0.3568,2.0000
0.8263,0.4566,2.0000
0.9463,0.2954,2.0000
0.7675,0.3445,2.0000
0.7420,-0.0167,2.0000
0.4896,-0.0321,2.0000
0.3948,0.0563,2.0000
0.5723,0.3025,2.0000
0.5997,0.1995,2.0000
0.5473,0.1806,2.0000
0.7291,-0.0550,2.0000
0.6787,-0.0750,2.0000
0.7518,0.2231,2.0000
0.8166,0.2181,2.0000
0.8736,0.0442,2.0000
0.7680,0.1375,2.0000
0.5410,0.1283,2.0000
0.8150,0.1228,2.0000
0.6789,0.3205,2.0000
0.8901,0.3824,2.0000
0.9242,0.3165,2.0000
0.4949,0.1030,2.0000
0.5125,-0.0453,2.0000
0.9076,0.1969,2.0000
0.5880,0.2064,2.0000
0.6226,0.0434,2.0000
0.6174,-0.0075,2.0000
0.8870,0.0473,2.0000
0.7404,-0.0572,2.0000
0.5724,0.0559,2.0000
0.5911,0.2301,2.0000
0.8885,0.4419,2.0000
0.5606,0.0274,2.0000
0.7268,0.2064,2.0000
0.7259,0.0422,2.0000
0.7559,0.0150,2.0000
0.6487,0.0449,2.0000
0.5326,0.2116,2.0000
0.8080,0.2443,2.0000
0.7527,0.2544,2.0000
0.5833,0.0366,2.0000
0.7930,0.0332,2.0000
1.0456,-0.0233,2.0000
0.4283,-0.3360,2.0000
0.5163,-0.1242,2.0000
0.6311,-0.1045,2.0000
0.5968,0.2969,2.0000
0.8861,0.0988,2.0000
0.5086,0.2411,2.0000
0.5112,-0.1234,2.0000
0.8381,-0.1121,2.0000
0.9535,-0.2060,2.0000
0.8189,0.1582,2.0000
0.7135,0.2296,2.0000
0.7836,-0.3445,2.0000
0.6706,-0.0223,2.0000
0.8744,-0.2079,2.0000
0.6358,-0.0768,2.0000
0.8531,0.0065,2.0000
0.8253,-0.1102,2.0000
0.8301,-0.1866,2.0000
0.4828,-0.0927,2.0000
0.7304,-0.0863,2.0000
0.7648,-0.3874,2.0000
0.7640,-0.0158,2.0000
0.9461,-0.2151,2.0000
0.6428,-0.1261,2.0000
0.3431,-0.3261,2.0000
0.8508,-0.2712,2.0000
0.6822,0.0169,2.0000
0.8736,-0.2547,2.0000
0.7511,-0.2050,2.0000
0.7101,-0.1302,2.0000
0.6699,-0.1146,2.0000
0.5639,-0.3179,2.0000
0.7633,-0.2861,2.0000
0.7278,-0.5242,2.0000
0.9083,-0.1520,2.0000
0.7323,-0.3089,2.0000
0.6625,-0.2957,2.0000
0.6894,-0.3305,2.0000
0.7284,-0.2434,2.0000
0.8271,-0.3599,2.0000
0.5663,-0.1457,2.0000
0.8102,-0.2950,2.0000
0.4712,-0.3754,2.0000
0.4737,-0.2362,2.0000
0.5516,-0.4844,2.0000
0.9607,-0.2235,2.0000
0.6715,-0.4778,2.0000
0.7055,-0.2731,2.0000
0.3340,-0.3043,2.0000
0.6648,-0.4406,2.0000
0.8211,-0.4000,2.0000
0.7654,-0.3283,2.0000
0.5642,-0.3144,2.0000
0.9448,-0.3228,2.0000
0.6788,-0.6392,2.0000
0.6851,-0.4748,2.0000
0.7399,-0.4424,2.0000
0.7668,-0.6453,2.0000
1.1529,-0.5724,2.0000
0.6814,-0.4786,2.0000
0.7013,-0.3957,2.0000
0.8911,-0.3809,2.0000
0.6507,-0.2767,2.0000
0.5976,-0.1214,2.0000
0.6526,-0.5432,2.0000
0.5054,-0.2399,2.0000
0.8276,-0.4886,2.0000
0.6172,-0.6522,2.0000
0.7195,-0.6798,2.0000
0.4703,-0.3596,2.0000
0.8784,-0.8823,2.0000
0.7991,-0.7364,2.0000
0.7621,-0.3061,2.0000
0.7559,-0.6083,2.0000
0.6959,-0.6274,2.0000
0.5119,-0.3974,2.0000
0.7932,-0.8010,2.0000
0.6762,-0.7113,2.0000
0.6708,-0.4889,2.0000
0.4552,-0.3834,2.0000
0.5752,-0.6686,2.0000
1.1387,-0.6862,2.0000
0.3640,-0.9299,2.0000
0.6494,-0.4467,2.0000
0.4882,-0.6955,2.0000
0.5767,-0.7558,2.0000
0.6156,-0.8604,2.0000
0.6252,-0.5127,2.0000
0.7669,-0.4134,2.0000
0.6001,-0.4182,2.0000
0.4738,-0.3790,2.0000
0.6230,-0.6751,2.0000
0.3417,-0.6299,2.0000
0.5757,-0.6797,2.0000
0.6083,-0.4846,2.0000
0.6891,-0.9493,2.0000
0.5279,-0.8033,2.0000
0.5253,-0.9333,2.0000
0.7170,-0.5822,2.0000
0.5884,-0.7438,2.0000
0.4555,-0.8646,2.0000
0.5949,-0.6795,2.0000
0.4995,-0.6466,2.0000
0.5211,-0.5665,2.0000
0.5546,-0.7014,2.0000
0.1497,-0.7634,2.0000
0.5551,-0.6857,2.0000
0.7976,-0.6333,2.0000
0.4476,-0.9074,2.0000
0.4742,-0.4022,2.0000
0.4097,-0.8350,2.0000
0.4841,-1.0189,2.0000
0.4616,-0.8621,2.0000
0.3647,-0.6808,2.0000
0.3938,-0.6224,2.0000
0.4633,-0.8207,2.0000
0.2715,-0.8794,2.0000
0.5091,-0.7977,2.0000
0.1630,-1.2551,2.0000
0.7522,-0.8765,2.0000
0.5017,-0.6808,2.0000
0.3553,-0.6852,2.0000
0.4587,-0.6171,2.0000
0.4936,-1.0164,2.0000
0.1684,-0.9666,2.0000
0.4505,-0.6848,2.0000
0.3832,-0.5854,2.0000
0.3205,-1.1182,2.0000
0.5279,-0.9759,2.0000
0.6841,-0.8503,2.0000
0.4420,-0.8618,2.0000
0.4842,-0.6402,2.0000
0.4338,-0.8101,2.0000
0.3300,-1.1301,2.0000
0.3131,-0.9645,2.0000
0.2369,-0.9892,2.0000
0.3823,-0.7430,2.0000
0.5487,-0.9494,2.0000
0.0016,-0.8367,2.0000
-0.0891,-0.8972,2.0000
0.0390,-0.7536,2.0000
0.3693,-1.1384,2.0000
0.3038,-0.9341,2.0000
0.4546,-0.7297,2.0000
-0.1411,-0.9243,2.0000
0.4427,-0.8969,2.0000
0.5680,-1.2455,2.0000
0.1738,-1.1121,2.0000
0.2460,-1.0257,2.0000
0.2741,-0.9380,2.0000
0.2892,-1.0410,2.0000
0.4449,-0.8201,2.0000
0.1941,-0.8188,2.0000
0.0716,-0.9092,2.0000
-0.0742,-1.0474,2.0000
0.1807,-1.0305,2.0000
-0.0622,-1.0000,2.0000
0.0998,-0.7798,2.0000
0.0022,-1.1562,2.0000
0.1168,-1.4367,2.0000
0.3011,-0.7904,2.0000
0.0875,-0.9903,2.0000
-0.0760,-0.8465,2.0000
0.1788,-0.8536,2.0000
0.0790,-1.1559,2.0000
-0.0386,-1.0163,2.0000
-0.0767,-1.0479,2.0000
-0.1456,-0.9306,2.0000
0.2102,-0.8507,2.0000
-0.1189,-0.9894,2.0000
0.1271,-0.9736,2.0000
-0.2660,-1.1445,2.0000
-0.5112,-0.6661,3.0000
-0.3350,-0.6324,3.0000
-0.4769,-0.3416,3.0000
-0.7752,-0.4125,3.0000
-0.4521,-0.4714,3.0000
-0.5946,-0.4683,3.0000
-0.7598,-0.6644,3.0000
-0.4845,-0.4190,3.0000
-0.3726,-0.5550,3.0000
-0.3687,-0.7242,3.0000
-0.4509,-0.6450,3.0000
-0.1131,-0.4666,3.0000
-0.6664,-0.7566,3.0000
-0.4762,-0.2378,3.0000
-0.4261,-0.6287,3.0000
-0.1767,-0.2769,3.0000
-0.1880,-0.7168,3.0000
-0.5113,-0.4332,3.0000
-0.4696,-0.5024,3.0000
-0.5970,-0.6499,3.0000
-0.3630,-0.4137,3.0000
-0.5378,-0.3476,3.0000
-0.6221,-0.4868,3.0000
-0.4934,-0.4432,3.0000
-0.5797,-0.3175,3.0000
-0.5610,-0.3739,3.0000
-0.4099,-0.5150,3.0000
-0.4383,-0.1299,3.0000
-0.5021,-0.6345,3.0000
-0.5775,-0.5137,3.0000
-0.3116,-0.2529,3.0000
-0.1655,-0.3481,3.0000
-0.5720,-0.4251,3.0000
-0.4212,-0.7936,3.0000
-0.7079,-0.5626,3.0000
-0.5896,-0.3979,3.0000
-0.4090,-0.2916,3.0000
-0.3426,-0.4550,3.0000
-0.5566,-0.2372,3.0000
-0.5050,-0.4005,3.0000
-0.5880,-0.4377,3.0000
-0.7647,-0.1496,3.0000
-0.6276,-0.4025,3.0000
-0.2398,-0.5298,3.0000
-0.2531,-0.2560,3.0000
0.0029,-0.6175,3.0000
-0.5995,-0.5421,3.0000
-0.5260,-0.5050,3.0000
-0.4986,-0.4568,3.0000
-0.4116,-0.6865,3.0000
-0.3724,-0.6359,3.0000
-0.4044,-0.5012,3.0000
-0.3544,-0.4473,3.0000
-0.4664,-0.1633,3.0000
-0.3775,-0.6770,3.0000
-0.7242,-0.5340,3.0000
-0.2567,-0.4713,3.0000
-0.5179,-0.3354,3.0000
-0.2464,-0.0187,3.0000
-0.0861,-0.3855,3.0000
-0.4810,-0.5247,3.0000
-0.3303,-0.3924,3.0000
-0.1406,-0.2979,3.0000
-0.7158,-0.3234,3.0000
-0.5971,-0.3720,3.0000
-0.3318,-0.6596,3.0000
-0.5632,-0.4331,3.0000
-0.6043,-0.6690,3.0000
-0.3283,-0.4916,3.0000
-0.5614,-0.5614,3.0000
-0.4548,-0.3902,3.0000
-0.4298,-0.1067,3.0000
-0.1637,-0.5720,3.0000
-0.6781,-0.1726,3.0000
-0.1639,-0.4498,3.0000
-0.4184,-0.5350,3.0000
-0.5177,-0.4885,3.0000
-0.2451,-0.3707,3.0000
-0.1358,-0.3565,3.0000
-0.5011,-0.3803,3.0000
-0.1323,-0.5097,3.0000
-0.1634,-0.3569,3.0000
-0.4817,-0.2299,3.0000
-0.5896,-0.5499,3.0000
-0.3610,-0.2295,3.0000
0.0077,-0.2999,3.0000
-0.4096,-0.5479,3.0000
-0.6362,-0.5266,3.0000
-0.1952,-0.2617,3.0000
-0.3825,-0.4575,3.0000
-0.3304,-0.1399,3.0000
-0.4289,-0.4680,3.0000
-0.0084,-0.4528,3.0000
-0.0876,-0.1732,3.0000
-0.4162,-0.4959,3.0000
-0.2755,-0.5426,3.0000
-0.3015,-0.6081,3.0000
-0.3937,-0.5859,3.0000
-0.1087,-0.4609,3.0000
-0.4901,-0.4127,3.0000
0.0840,-0.5370,3.0000
-0.3947,-0.4712,3.0000
-0.3734,-0.4700,3.0000
0.0508,-0.5724,3.0000
0.0342,-0.6859,3.0000
-0.2257,-0.4410,3.0000
-0.2969,-0.5329,3.0000
-0.2497,-0.5955,3.0000
-0.0975,-0.4409,3.0000
-0.2410,-0.3678,3.0000
-0.3682,-0.0805,3.0000
-0.2566,-0.4083,3.0000
-0.0289,-0.5001,3.0000
-0.3663,-0.4799,3.0000
-0.2026,-0.7173,3.0000
-0.0865,-0.3750,3.0000
-0.4921,-0.6915,3.0000
-0.2988,-0.3815,3.0000
-0.1364,-0.7039,3.0000
-0.0351,-0.4583,3.0000
-0.3670,-0.3818,3.0000
-0.1185,-0.6763,3.0000
0.0202,-0.3147,3.0000
-0.2007,-0.5439,3.0000
0.0534,-0.6747,3.0000
0.0335,-0.5103,3.0000
-0.3615,-0.7052,3.0000
0.0317,-0.5685,3.0000
-0.1934,-0.1817,3.0000
-0.0353,-0.6518,3.0000
-0.6353,-0.6165,3.0000
-0.0634,-0.4820,3.0000
-0.3923,-0.7084,3.0000
-0.8808,-0.6643,3.0000
-0.1020,-0.7705,3.0000
0.1015,-0.8893,3.0000
-0.2108,-0.7789,3.0000
-0.1349,-0.4096,3.0000
-0.2403,-0.7850,3.0000
-0.6386,-0.6637,3.0000
-0.0989,-0.7157,3.0000
-0.0439,-0.6545,3.0000
-0.0737,-0.5929,3.0000
-0.1829,-0.6222,3.0000
-0.1554,-0.5941,3.0000
-0.1413,-0.6377,3.0000
-0.0536,-0.5712,3.0000
-0.2919,-0.6557,3.0000
-0.0537,-0.9659,3.0000
-0.3715,-0.9161,3.0000
-0.3481,-0.8306,3.0000
-0.4163,-0.7467,3.0000
-0.2707,-0.8144,3.0000
-0.6087,-0.7558,3.0000
0.0480,-0.7683,3.0000
-0.1386,-0.7260,3.0000
0.1742,-0.7678,3.0000
-0.3893,-0.9956,3.0000
-0.2963,-0.6150,3.0000
-0.1743,-0.6492,3.0000
-0.4890,-0.8202,3.0000
-0.1236,-0.4505,3.0000
-0.5029,-0.7967,3.0000
-0.1455,-0.6102,3.0000
-0.4944,-1.1554,3.0000
-0.1763,-0.6419,3.0000
-0.2796,-0.4549,3.0000
-0.6553,-0.7025,3.0000
-0.2231,-0.7718,3.0000
-0.2888,-0.5618,3.0000
-0.2133,-0.7989,3.0000
-0.2793,-0.9544,3.0000
-0.0009,-0.5449,3.0000
-0.4650,-0.6205,3.0000
-0.5109,-0.8959,3.0000
-0.2523,-1.1052,3.0000
-0.4364,-0.7527,3.0000
-0.4081,-0.6092,3.0000
-0.5673,-0.6816,3.0000
-0.2316,-0.7998,3.0000
-0.3386,-1.0473,3.0000
-0.2549,-1.0190,3.0000
-0.3616,-0.6054,3.0000
0.0262,-0.7616,3.0000
-0.6372,-1.0612,3.0000
-0.3406,-0.5570,3.0000
-0.5813,-1.0758,3.0000
-0.3412,-0.8257,3.0000
-0.5656,-0.7829,3.0000
-0.2514,-0.9541,3.0000
-0.0310,-0.8188,3.0000
-0.2135,-0.9351,3.0000
-0.6292,-0.5319,3.0000
-0.6422,-0.6661,3.0000
-0.5672,-0.8088,3.0000
-0.0700,-0.9045,3.0000
-0.1118,-1.2026,3.0000
-0.3655,-0.8183,3.0000
-0.1373,-0.9349,3.0000
-0.7139,-0.9015,3.0000
-0.3543,-0.5201,3.0000
-0.3883,-0.8665,3.0000
-0.0704,-0.8658,3.0000
-0.4125,-0.7178,3.0000
-0.4707,-0.4339,3.0000
-0.5001,-1.1021,3.0000
-0.5227,-0.6455,3.0000
-0.4950,-0.9045,3.0000
0.0027,-1.0845,3.0000
-0.2831,-1.4513,3.0000
-0.3261,-0.9598,3.0000
-0.2807,-1.1497,3.0000
-0.3881,-0.7985,3.0000
-0.5406,-0.7106,3.0000
-0.5285,-1.0462,3.0000
-0.4519,-1.2736,3.0000
-0.3621,-0.8748,3.0000
-0.6380,-1.0097,3.0000
-0.6098,-0.8851,3.0000
-0.4410,-1.1496,3.0000
-0.9600,-0.9440,3.0000
-0.6674,-0.8842,3.0000
-0.5031,-1.0811,3.0000
-0.4914,-1.0216,3.0000
-0.6867,-0.7555,3.0000
-0.4376,-0.8179,3.0000
-0.3232,-1.1478,3.0000
-0.6588,-1.0407,3.0000
-0.4398,-1.0132,3.0000
-0.6317,-1.0699,3.0000
-0.5700,-1.1494,3.0000
-1.0275,-1.0559,3.0000
-0.7778,-0.6573,3.0000
-0.4834,-0.8942,3.0000
-0.6474,-1.1492,3.0000
-0.4364,-1.0381,3.0000
-0.6660,-0.9711,3.0000
-0.6854,-1.1830,3.0000
-0.7157,-1.1972,3.0000
-0.7281,-1.1407,3.0000
-0.6472,-1.1980,3.0000
-0.4021,-1.2879,3.0000
-0.7271,-1.0410,3.0000
-0.7121,-0.9598,3.0000
-0.7037,-1.0304,3.0000
-0.6909,-0.6905,3.0000
-0.7354,-1.1084,3.0000
-0.9057,-1.0276,3.0000
-0.8826,-1.2761,3.0000
-0.4498,-1.0435,3.0000
-0.6962,-1.2623,3.0000
-1.0866,-1.0475,3.0000
-0.7268,-1.4124,3.0000
-0.8726,-1.1106,3.0000
-0.6782,-0.8363,3.0000
-0.9881,-0.8233,3.0000
-0.8387,-1.1951,3.0000
-0.9732,-1.1101,3.0000
-0.9299,-0.9610,3.0000
-0.7396,-1.0926,3.0000
-0.7715,-1.1925,3.0000
-1.1675,-0.9638,3.0000
-0.7960,-1.1284,3.0000
-1.2487,-0.7787,3.0000
-0.8453,-1.0902,3.0000
-0.4932,-0.8790,3.0000
-0.5012,-1.0664,3.0000
-0.8414,-1.0171,3.0000
-0.7703,-0.8730,3.0000
-1.2068,-0.9007,3.0000
-0.7929,-0.8440,3.0000
-1.1139,-1.1570,3.0000
-0.5373,-1.0645,3.0000
-0.7539,-1.0365,3.0000
-0.8370,-1.1292,3.0000
-0.7967,-1.0399,3.0000
-0.9628,-0.6716,3.0000
-1.0059,-1.2619,3.0000
-0.9674,-0.9057,3.0000
-1.1228,-1.3279,3.0000
-0.8606,-0.9133,3.0000
-0.7857,-1.1402,3.0000
-1.0236,-0.8215,3.0000
-1.0653,-0.8782,3.0000
-1.0732,-0.9182,3.0000
-1.3767,-0.8349,3.0000
-1.2857,-0.8467,3.0000
-0.6006,-0.9382,3.0000
-1.2324,-0.9055,3.0000
-0.8779,-0.8229,3.0000
-1.2373,-0.6493,3.0000
-1.1484,-0.6443,3.0000
-1.0677,-0.7456,3.0000
-1.0874,-0.8302,3.0000
-0.9301,-1.0890,3.0000
-1.1331,-0.9652,3.0000
-1.0547,-0.9241,3.0000
-1.1389,-0.6967,3.0000
-1.3900,-0.9837,3.0000
-1.1954,-0.8004,3.0000
-1.1019,-0.9255,3.0000
-1.0233,-0.8121,3.0000
-1.2246,-0.6223,3.0000
-0.8822,-0.8930,3.0000
-1.0476,-0.7998,3.0000
-1.3765,-0.9340,3.0000
-1.3056,-0.6484,3.0000
-1.2683,-0.4244,3.0000
-1.2989,-0.7286,3.0000
-1.4416,-0.7033,3.0000
-0.9980,-0.5129,3.0000
-1.0698,-0.7258,3.0000
-1.1864,-0.5955,3.0000
-1.5411,-0.6519,3.0000
-1.1733,-0.2182,3.0000
-1.3666,-0.7358,3.0000
-1.2406,-0.1598,3.0000
-1.1524,-0.5866,3.0000
-1.1392,-0.5132,3.0000
-1.4572,-0.2628,3.0000
-0.8259,-0.4878,3.0000
-1.3567,-0.5033,3.0000
-1.3308,-0.8429,3.0000
-1.1337,-0.3103,3.0000
-1.3666,-0.1161,3.0000
-0.9750,-0.6672,3.0000
-1.2642,-0.4281,3.0000
-1.1700,-0.5534,3.0000
-1.3099,-0.5838,3.0000
-1.1888,-0.4294,3.0000
-1.2176,-0.2415,3.0000
-1.3125,-0.5673,3.0000
-1.1980,-0.1221,3.0000
-1.2284,-0.2147,3.0000
-1.0997,-0.5665,3.0000
-1.1121,-0.2298,3.0000
-1.0377,-0.3394,3.0000
-1.3047,-0.5074,3.0000
-1.3580,-0.4954,3.0000
-1.1537,-0.1322,3.0000
-1.0516,-0.4342,3.0000
-1.1778,-0.1589,3.0000
-1.3310,-0.5963,3.0000
-1.2485,-0.1390,3.0000
-1.1532,-0.2170,3.0000
-1.2512,-0.2637,3.0000
-1.3201,-0.6011,3.0000
-0.9924,0.1985,3.0000
-1.0994,-0.1890,3.0000
-1.1135,-0.3476,3.0000
-1.1346,-0.4322,3.0000
-1.3668,-0.0234,3.0000
-1.2505,-0.1557,3.0000
-1.4145,0.0729,3.0000
-0.8068,-0.0932,3.0000
-1.0449,-0.0331,3.0000
-1.3764,0.2221,3.0000
-1.3286,-0.0211,3.0000
-1.3777,0.1786,3.0000
-1.2518,0.0257,3.0000
-1.3984,0.1475,3.0000
-1.1139,0.2854,3.0000
-1.2136,-0.2512,3.0000
-1.0990,0.0402,3.0000
-1.2565,0.1084,3.0000
-0.9659,0.1688,3.0000
-1.2231,-0.1782,3.0000
-0.8479,0.4361,3.0000
-0.7211,0.2189,3.0000
-0.8970,-0.0343,3.0000
-1.0164,0.5931,3.0000
-0.9334,0.4075,3.0000
-1.2883,0.3445,3.0000
-1.0453,0.3729,3.0000
-0.7948,0.1659,3.0000
-0.9296,-0.1596,3.0000
-0.8991,0.6043,3.0000
-0.7887,0.4175,3.0000
-1.0360,0.3102,3.0000
-0.7401,0.3069,3.0000
-0.6391,0.0953,3.0000
-0.6065,0.5107,3.0000
-1.3331,0.4490,3.0000
-0.4829,0.4472,3.0000
-0.7439,0.4835,3.0000
-0.8472,0.6146,3.0000
-0.9364,0.3195,3.0000
-0.9685,0.4176,3.0000
-0.8991,0.4644,3.0000
-0.7353,0.0629,3.0000
-1.0036,0.1413,3.0000
-0.8663,0.3490,3.0000
-0.8199,0.3663,3.0000
-0.7067,0.2994,3.0000
-0.8951,0.2035,3.0000
-0.9370,0.4411,3.0000
-0.8391,0.4522,3.0000
-0.3356,0.4401,3.0000
-0.7946,0.4754,3.0000
-0.8127,0.4623,3.0000
-0.6646,0.5082,3.0000
-0.9034,0.1659,3.0000
-0.5992,0.2423,3.0000
-0.7007,0.4277,3.0000
-0.7202,0.5171,3.0000
-0.6178,0.3549,3.0000
-0.5454,0.6595,3.0000
-0.9392,0.5638,3.0000
-0.7076,0.7297,3.0000
-0.8348,0.4624,3.0000
-0.4245,0.1853,3.0000
-0.5790,0.1372,3.0000
-0.7752,0.5936,3.0000
-0.8865,0.4868,3.0000
-0.7016,0.6365,3.0000
-0.3080,0.4495,3.0000
-0.5778,0.4850,3.0000
-0.4494,0.5772,3.0000
-0.6979,0.3611,3.0000
-0.4550,0.7957,3.0000
